--------------------------------------------------------
--  DDL for Package Body TEST_PAFXGESTIONDIA
--------------------------------------------------------

CREATE OR REPLACE EDITIONABLE PACKAGE BODY "SCSISGES"."TEST_PAFXGESTIONDIA" IS

   /* generated by utPLSQL for SQL Developer on 2019-05-09 17:25:56 */

   PROCEDURE deleteDatos
   AS
   BEGIN
     DELETE FROM SCSISGES.TAGESTION WHERE USRMODIFICO = 'UNIT_TEST';
     DELETE FROM SCSISGES.TAEVENTO WHERE FCUSRMODIFICO = 'UNIT_TEST';
     DELETE FROM SCSISGES.TAALERTA WHERE usrmodifico = 'UNIT_TEST';
     DELETE FROM SCSISGES.TAALERTAPERSONA WHERE FCUSRMODIFICO = 'UNIT_TEST';
     DELETE FROM SCVENTASTIENDA.TACENCTETIENDA WHERE FCUSRMODIFICO = 'UNIT_TEST';
     DELETE FROM SCVENTASTIENDA.TAPEDIDOS WHERE FCUSRMODIFICO = 'UNIT_TEST';
     DELETE FROM SCSISGES.TAFXCAMPANASPF WHERE FCUSRMODIFICO = 'UNIT_TEST';
     DELETE FROM SCSISGES.TAFXCARTERAPF WHERE FCUSRMODIFICO = 'UNIT_TEST';
     DELETE FROM SCVENTASTIENDA.TASOLICITUDES WHERE FCUSRMODIFICO = 'UNIT_TEST';
     DELETE FROM SCVENTASTIENDA.TACREDSOLICITUD WHERE FCUSRMODIFICO = 'UNIT_TEST';
     DELETE FROM SCVENTASTIENDA.TADETPREPARAM WHERE FCUSRMODIFICO = 'UNIT_TEST';
     DELETE FROM SCVENTASTIENDA.TAPREPARAME WHERE FCUSRMODIFICO = 'UNIT_TEST';
     COMMIT;
   END;
   
   PROCEDURE insertDatos 
   AS
    vl_FIALERTAID smallint;
    vl_maxpreparame number;
    vl_maxsolicitud number;
   BEGIN
     /* GESTIONES */
     INSERT INTO SCSISGES.TAGESTION(FIGESTIONID, FIPAISCU, FICANALCU, FISUCURSALCU, FIFOLIOCU, FCEMPNUM, 
                    FIMEDIOGESTIONID, FIRESULTGESTIONID, FITIPOGESTIONID, FCNOTAS, FDCREACION, FISTATUS, 
                    FDMODIFICACION, USRMODIFICO, FIPAISEMP, FICANALEMP, FISUCURSALEMP, FICAMPANAID, 
                    FCDESCCAMPANA, FIDESCGESTION)
            VALUES(SCSISGES.SEQGESTION.NEXTVAL, 1, 1, 2024, 558936, 296350,	
                   1, 2, 2, 'PENDIENTE POR SURTIR', SYSDATE, 1, 
                   SYSDATE, 'UNIT_TEST', 1, 1, 2024, 81,	
                   'CLIENTES PARA QUE COMPREN MAS',1);

     INSERT INTO SCSISGES.TAGESTION(FIGESTIONID, FIPAISCU, FICANALCU, FISUCURSALCU, FIFOLIOCU, FCEMPNUM, 
                    FIMEDIOGESTIONID, FIRESULTGESTIONID, FITIPOGESTIONID, FCNOTAS, FDCREACION, FISTATUS, 
                    FDMODIFICACION, USRMODIFICO, FIPAISEMP, FICANALEMP, FISUCURSALEMP, FICAMPANAID, 
                    FCDESCCAMPANA, FIDESCGESTION)
            VALUES(SCSISGES.SEQGESTION.NEXTVAL, 1, 1, 2024, 558936, 37274,	
                   1, 2, 3, 'SOLICITUDES', SYSDATE, 1, 
                   SYSDATE, 'UNIT_TEST', 1, 1, 2024, 81,	
                   'CLIENTES PARA QUE COMPREN MAS',1);

     INSERT INTO SCSISGES.TAGESTION(FIGESTIONID, FIPAISCU, FICANALCU, FISUCURSALCU, FIFOLIOCU, FCEMPNUM, 
                    FIMEDIOGESTIONID, FIRESULTGESTIONID, FITIPOGESTIONID, FCNOTAS, FDCREACION, FISTATUS, 
                    FDMODIFICACION, USRMODIFICO, FIPAISEMP, FICANALEMP, FISUCURSALEMP, FICAMPANAID, 
                    FCDESCCAMPANA, FIDESCGESTION)
            VALUES(SCSISGES.SEQGESTION.NEXTVAL, 1, 1, 2024, 558936, 43857,	
                   1, 2, 4, 'PRESUPUESTOS', SYSDATE, 1, 
                   SYSDATE, 'UNIT_TEST', 1, 1, 2024, 81,	
                   'CLIENTES PARA QUE COMPREN MAS',1);

     INSERT INTO SCSISGES.TAGESTION(FIGESTIONID, FIPAISCU, FICANALCU, FISUCURSALCU, FIFOLIOCU, FCEMPNUM, 
                    FIMEDIOGESTIONID, FIRESULTGESTIONID, FITIPOGESTIONID, FCNOTAS, FDCREACION, FISTATUS, 
                    FDMODIFICACION, USRMODIFICO, FIPAISEMP, FICANALEMP, FISUCURSALEMP, FICAMPANAID, 
                    FCDESCCAMPANA, FIDESCGESTION)
            VALUES(SCSISGES.SEQGESTION.NEXTVAL, 1, 1, 2024, 558936, 164836,	
                   1, 2, 5, 'PROMOCIONES', SYSDATE, 1, 
                   SYSDATE, 'UNIT_TEST', 1, 1, 2024, 81,	
                   'CLIENTES PARA QUE COMPREN MAS',1);

     INSERT INTO SCSISGES.TAGESTION(FIGESTIONID, FIPAISCU, FICANALCU, FISUCURSALCU, FIFOLIOCU, FCEMPNUM, 
                    FIMEDIOGESTIONID, FIRESULTGESTIONID, FITIPOGESTIONID, FCNOTAS, FDCREACION, FISTATUS, 
                    FDMODIFICACION, USRMODIFICO, FIPAISEMP, FICANALEMP, FISUCURSALEMP, FICAMPANAID, 
                    FCDESCCAMPANA, FIDESCGESTION)
            VALUES(SCSISGES.SEQGESTION.NEXTVAL, 1, 1, 2024, 558936, 183912,	
                   1, 2, 6, 'SIN PEDIDO', SYSDATE, 1, 
                   SYSDATE, 'UNIT_TEST', 1, 1, 2024, 81,	
                   'CLIENTES PARA QUE COMPREN MAS',1);
     
     /* EVENTOS */
     INSERT INTO SCSISGES.TAEVENTO(FIUSUARIOID, FCTITULO, FCNOTA, FDHORAINICIO, FDHORAFIN, 
                              FIEVENTO, FDFECHA, FIDURACION, FCCLIENTE, FICLIENTE,
                              FDBITACORA, FCUSRMODIFICO, FDULTIMAMODIFICACION)
            VALUES(296350, 'SISTEMA FENIX -12:30', 'visita en sucursal prueba', SYSDATE, SYSDATE,
                   1, SYSDATE, 30,  'FENIX', '5517207000', 
                   SYSDATE, 'UNIT_TEST', SYSDATE);

     INSERT INTO SCSISGES.TAEVENTO(FIUSUARIOID, FCTITULO, FCNOTA, FDHORAINICIO, FDHORAFIN, 
                              FIEVENTO, FDFECHA, FIDURACION, FCCLIENTE, FICLIENTE,
                              FDBITACORA, FCUSRMODIFICO, FDULTIMAMODIFICACION)
            VALUES(37274, 'SISTEMA FENIX -12:30', 'visita en sucursal prueba', SYSDATE, SYSDATE,
                   2, SYSDATE, 30,  'FENIX', '5517207000', 
                   SYSDATE, 'UNIT_TEST', SYSDATE);

     INSERT INTO SCSISGES.TAEVENTO(FIUSUARIOID, FCTITULO, FCNOTA, FDHORAINICIO, FDHORAFIN, 
                              FIEVENTO, FDFECHA, FIDURACION, FCCLIENTE, FICLIENTE,
                              FDBITACORA, FCUSRMODIFICO, FDULTIMAMODIFICACION)
            VALUES(43857, 'SISTEMA FENIX -12:30', 'visita en sucursal prueba', SYSDATE, SYSDATE,
                   3, SYSDATE, 30,  'FENIX', '5517207000', 
                   SYSDATE, 'UNIT_TEST', SYSDATE);

     INSERT INTO SCSISGES.TAEVENTO(FIUSUARIOID, FCTITULO, FCNOTA, FDHORAINICIO, FDHORAFIN, 
                              FIEVENTO, FDFECHA, FIDURACION, FCCLIENTE, FICLIENTE,
                              FDBITACORA, FCUSRMODIFICO, FDULTIMAMODIFICACION)
            VALUES(164836, 'SISTEMA FENIX -12:30', 'visita en sucursal prueba', SYSDATE, SYSDATE,
                   1, SYSDATE, 30,  'FENIX', '5517207000', 
                   SYSDATE, 'UNIT_TEST', SYSDATE);

     INSERT INTO SCSISGES.TAEVENTO(FIUSUARIOID, FCTITULO, FCNOTA, FDHORAINICIO, FDHORAFIN, 
                              FIEVENTO, FDFECHA, FIDURACION, FCCLIENTE, FICLIENTE,
                              FDBITACORA, FCUSRMODIFICO, FDULTIMAMODIFICACION)
            VALUES(183912, 'SISTEMA FENIX -12:30', 'visita en sucursal prueba', SYSDATE, SYSDATE,
                   2, SYSDATE, 30,  'FENIX', '5517207000', 
                   SYSDATE, 'UNIT_TEST', SYSDATE);
     
     /* ELERTAS */
     vl_FIALERTAID := SCSISGES.SEQALERTA.NEXTVAL;

     INSERT INTO SCSISGES.TAALERTA (fialertaid, fctipoalerta, fcalertadesc, fdfecinicial, fdfectermino,
                               fistatus, fdmodificacion, usrmodifico, ficanalid, fctitulo,
                               fialcanceid, fiusuarioid, fdcreacion, firolid, fitipoalerta)
            VALUES (vl_FIALERTAID, 'C', 'SOLICITUD AUTORIZADA', SYSDATE, SYSDATE + 2,
                    1, SYSDATE, 'UNIT_TEST', 1, 'SOLICITUD AUTORIZADA',
                    0, 1111111, SYSDATE, 500,1 );

     INSERT INTO SCSISGES.TAALERTAPERSONA(FIALERTAID, FIEMPNUM, FICATALERTAID, FNSTATUS, FDMODIFICACION,
                                     FCUSRMODIFICO)
            VALUES( vl_FIALERTAID, 296350, 1, 1, SYSDATE, 'UNIT_TEST');

     vl_FIALERTAID := SCSISGES.SEQALERTA.NEXTVAL;

     INSERT INTO SCSISGES.TAALERTA (fialertaid, fctipoalerta, fcalertadesc, fdfecinicial, fdfectermino,
                               fistatus, fdmodificacion, usrmodifico, ficanalid, fctitulo,
                               fialcanceid, fiusuarioid, fdcreacion, firolid, fitipoalerta)
            VALUES (vl_FIALERTAID, 'C', 'SOLICITUD AUTORIZADA', SYSDATE, SYSDATE + 2,
                    1, SYSDATE, 'UNIT_TEST', 1, 'SOLICITUD AUTORIZADA',
                    0, 1111111, SYSDATE, 500,1 );

     INSERT INTO SCSISGES.TAALERTAPERSONA(FIALERTAID, FIEMPNUM, FICATALERTAID, FNSTATUS, FDMODIFICACION,
                                     FCUSRMODIFICO)
            VALUES( vl_FIALERTAID, 37274, 1, 1, SYSDATE, 'UNIT_TEST');

     vl_FIALERTAID := SCSISGES.SEQALERTA.NEXTVAL;

     INSERT INTO SCSISGES.TAALERTA (fialertaid, fctipoalerta, fcalertadesc, fdfecinicial, fdfectermino,
                               fistatus, fdmodificacion, usrmodifico, ficanalid, fctitulo,
                               fialcanceid, fiusuarioid, fdcreacion, firolid, fitipoalerta)
            VALUES (vl_FIALERTAID, 'C', 'SOLICITUD AUTORIZADA', SYSDATE, SYSDATE + 2,
                    1, SYSDATE, 'UNIT_TEST', 1, 'SOLICITUD AUTORIZADA',
                    0, 1111111, SYSDATE, 500,1 );

     INSERT INTO SCSISGES.TAALERTAPERSONA(FIALERTAID, FIEMPNUM, FICATALERTAID, FNSTATUS, FDMODIFICACION,
                                     FCUSRMODIFICO)
            VALUES( vl_FIALERTAID, 43857, 1, 1, SYSDATE, 'UNIT_TEST');

     vl_FIALERTAID := SCSISGES.SEQALERTA.NEXTVAL;

     INSERT INTO SCSISGES.TAALERTA (fialertaid, fctipoalerta, fcalertadesc, fdfecinicial, fdfectermino,
                               fistatus, fdmodificacion, usrmodifico, ficanalid, fctitulo,
                               fialcanceid, fiusuarioid, fdcreacion, firolid, fitipoalerta)
            VALUES (vl_FIALERTAID, 'C', 'SOLICITUD AUTORIZADA', SYSDATE, SYSDATE + 2,
                    1, SYSDATE, 'UNIT_TEST', 1, 'SOLICITUD AUTORIZADA',
                    0, 1111111, SYSDATE, 500,1 );

     INSERT INTO SCSISGES.TAALERTAPERSONA(FIALERTAID, FIEMPNUM, FICATALERTAID, FNSTATUS, FDMODIFICACION,
                                     FCUSRMODIFICO)
            VALUES( vl_FIALERTAID, 164836, 1, 1, SYSDATE, 'UNIT_TEST');
            
     vl_FIALERTAID := SCSISGES.SEQALERTA.NEXTVAL;

     INSERT INTO SCSISGES.TAALERTA (fialertaid, fctipoalerta, fcalertadesc, fdfecinicial, fdfectermino,
                               fistatus, fdmodificacion, usrmodifico, ficanalid, fctitulo,
                               fialcanceid, fiusuarioid, fdcreacion, firolid, fitipoalerta)
            VALUES (vl_FIALERTAID, 'C', 'SOLICITUD AUTORIZADA', SYSDATE, SYSDATE + 2,
                    1, SYSDATE, 'UNIT_TEST', 1, 'SOLICITUD AUTORIZADA',
                    0, 1111111, SYSDATE, 500,1 );

     INSERT INTO SCSISGES.TAALERTAPERSONA(FIALERTAID, FIEMPNUM, FICATALERTAID, FNSTATUS, FDMODIFICACION, 
                                     FCUSRMODIFICO)
            VALUES( vl_FIALERTAID, 183912, 1, 1, SYSDATE, 'UNIT_TEST');
            
            
     /* PENDIENTES POR SURTIR */ 
     INSERT INTO SCVENTASTIENDA.TACENCTETIENDA(FIPAIS, FICANAL, FISUCURSAL, FINGCIOID, FINOTIENDA,
                                   FICTEID, FIDIGITOVER, FIFOLIO, FIPAISCU, FICANALCU,
                                   FISUCURSALCU, FCUSRMODIFICO)
           VALUES(1, 1, 2024, 1, 2024,
                  456789, 8, 123456, 1, 1,	
                  2024, 'UNIT_TEST');
                
     INSERT INTO SCVENTASTIENDA.TAPEDIDOS(FIPAIS, FICANAL, FISUCURSAL, FINOPEDIDO, FINGCIOID,
                               FINOTIENDA, FICTEID, FIDIGITOVER, FCEMPNOVENTA, FCEMPNOSURTE,
                               FITIPOVENTA, FDPEDFEC, FNPEDTOTAL, FIPEDSTAT, FDFECSURT,
                               FNPEDSALDO, FNENGANCHE, FIFOLIOPARAM, FIPEDFACT, FDFECIMPFACTURA,
                               FDFECHAARRIBO, FCUSRMODIFICO)
            VALUES(1, 1, 2024, 189901, 1, 
                   2024, 456789, 8, 296350, 296350, 
                   2, SYSDATE, 5772, 0, SYSDATE, 
                   5772, 0, 991355, 0, SYSDATE, 
                   SYSDATE, 'UNIT_TEST');

     INSERT INTO SCVENTASTIENDA.TAPEDIDOS(FIPAIS, FICANAL, FISUCURSAL, FINOPEDIDO, FINGCIOID,
                               FINOTIENDA, FICTEID, FIDIGITOVER, FCEMPNOVENTA, FCEMPNOSURTE,
                               FITIPOVENTA, FDPEDFEC, FNPEDTOTAL, FIPEDSTAT, FDFECSURT,
                               FNPEDSALDO, FNENGANCHE, FIFOLIOPARAM, FIPEDFACT, FDFECIMPFACTURA,
                               FDFECHAARRIBO, FCUSRMODIFICO)
            VALUES(1, 1, 2024, 189902, 1, 
                   2024, 456789, 8, 37274, 37274, 
                   2, SYSDATE, 5772, 0, SYSDATE, 
                   5772, 0, 991355, 0, SYSDATE, 
                   SYSDATE, 'UNIT_TEST');

     INSERT INTO SCVENTASTIENDA.TAPEDIDOS(FIPAIS, FICANAL, FISUCURSAL, FINOPEDIDO, FINGCIOID,
                               FINOTIENDA, FICTEID, FIDIGITOVER, FCEMPNOVENTA, FCEMPNOSURTE,
                               FITIPOVENTA, FDPEDFEC, FNPEDTOTAL, FIPEDSTAT, FDFECSURT,
                               FNPEDSALDO, FNENGANCHE, FIFOLIOPARAM, FIPEDFACT, FDFECIMPFACTURA,
                               FDFECHAARRIBO, FCUSRMODIFICO)
            VALUES(1, 1, 2024, 189903, 1, 
                   2024, 456789, 8, 43857, 43857, 
                   2, SYSDATE, 5772, 0, SYSDATE, 
                   5772, 0, 991355, 0, SYSDATE, 
                   SYSDATE, 'UNIT_TEST');

     INSERT INTO SCVENTASTIENDA.TAPEDIDOS(FIPAIS, FICANAL, FISUCURSAL, FINOPEDIDO, FINGCIOID,
                               FINOTIENDA, FICTEID, FIDIGITOVER, FCEMPNOVENTA, FCEMPNOSURTE,
                               FITIPOVENTA, FDPEDFEC, FNPEDTOTAL, FIPEDSTAT, FDFECSURT,
                               FNPEDSALDO, FNENGANCHE, FIFOLIOPARAM, FIPEDFACT, FDFECIMPFACTURA,
                               FDFECHAARRIBO, FCUSRMODIFICO)
            VALUES(1, 1, 2024, 189904, 1, 
                   2024, 456789, 8, 164836, 164836, 
                   2, SYSDATE, 5772, 0, SYSDATE, 
                   5772, 0, 991355, 0, SYSDATE, 
                   SYSDATE, 'UNIT_TEST');

     INSERT INTO SCVENTASTIENDA.TAPEDIDOS(FIPAIS, FICANAL, FISUCURSAL, FINOPEDIDO, FINGCIOID,
                               FINOTIENDA, FICTEID, FIDIGITOVER, FCEMPNOVENTA, FCEMPNOSURTE,
                               FITIPOVENTA, FDPEDFEC, FNPEDTOTAL, FIPEDSTAT, FDFECSURT,
                               FNPEDSALDO, FNENGANCHE, FIFOLIOPARAM, FIPEDFACT, FDFECIMPFACTURA,
                               FDFECHAARRIBO, FCUSRMODIFICO)
            VALUES(1, 1, 2024, 189905, 1, 
                   2024, 456789, 8, 183912, 183912, 
                   2, SYSDATE, 5772, 0, SYSDATE, 
                   5772, 0, 991355, 0, SYSDATE, 
                   SYSDATE, 'UNIT_TEST');
      
      /* PROMOCIONES */
      INSERT INTO SCSISGES.TAFXCAMPANASPF(FIIDCAMPANA, FCNOMCAMPANA, FIPAIS, FICANAL, FISUCURSAL,
                                    FIFOLIO, FDMODIFICACION, FCUSRMODIFICO)
            VALUES(80, 'CLIENTES POR LIQUIDAR', 1, 1, 2024,
                   12345, SYSDATE, 'UNIT_TEST');

      INSERT INTO SCSISGES.TAFXCARTERAPF(FIPAIS, FICANAL, FISUCURSAL, FIFOLIO, FIIDPORTAFOLIO,
                                   FIIDSUCURSAL, FNUMEMPSOL, FCTIPOMOV, FIEMPDUENIO, FNSTATUSCTE,
                                   FIIDROL, FIIDPUESTO, FIIDEMPLEADO, FIIDPOSICION, FDMODIFICACION,
                                   FCUSRMODIFICO)
            VALUES(1, 1, 2024, 12345, 1, 
                   2024, 0, 'ASIGNA_CTE_NUEVO', 0, 1, 
                   345, 23, 296350, 1745908, SYSDATE, 
                   'UNIT_TEST');

      INSERT INTO SCSISGES.TAFXCAMPANASPF(FIIDCAMPANA, FCNOMCAMPANA, FIPAIS, FICANAL, FISUCURSAL,
                                    FIFOLIO, FDMODIFICACION, FCUSRMODIFICO)
            VALUES(80, 'CLIENTES POR LIQUIDAR', 1, 1, 2024,
                   12346, SYSDATE, 'UNIT_TEST');


      INSERT INTO SCSISGES.TAFXCARTERAPF(FIPAIS, FICANAL, FISUCURSAL, FIFOLIO, FIIDPORTAFOLIO,
                                   FIIDSUCURSAL, FNUMEMPSOL, FCTIPOMOV, FIEMPDUENIO, FNSTATUSCTE,
                                   FIIDROL, FIIDPUESTO, FIIDEMPLEADO, FIIDPOSICION, FDMODIFICACION,
                                   FCUSRMODIFICO)
            VALUES(1, 1, 2024, 12346, 1, 
                   2024, 0, 'ASIGNA_CTE_NUEVO', 0, 1, 
                   345, 23, 37274, 1745908, SYSDATE, 
                   'UNIT_TEST');

      INSERT INTO SCSISGES.TAFXCAMPANASPF(FIIDCAMPANA, FCNOMCAMPANA, FIPAIS, FICANAL, FISUCURSAL,
                                    FIFOLIO, FDMODIFICACION, FCUSRMODIFICO)
            VALUES(80, 'CLIENTES POR LIQUIDAR', 1, 1, 2024,
                   12347, SYSDATE, 'UNIT_TEST');

      INSERT INTO SCSISGES.TAFXCARTERAPF(FIPAIS, FICANAL, FISUCURSAL, FIFOLIO, FIIDPORTAFOLIO,
                                   FIIDSUCURSAL, FNUMEMPSOL, FCTIPOMOV, FIEMPDUENIO, FNSTATUSCTE,
                                   FIIDROL, FIIDPUESTO, FIIDEMPLEADO, FIIDPOSICION, FDMODIFICACION,
                                   FCUSRMODIFICO)
            VALUES(1, 1, 2024, 12347, 1, 
                   2024, 0, 'ASIGNA_CTE_NUEVO', 0, 1, 
                   345, 23, 43857, 1745908, SYSDATE, 
                   'UNIT_TEST');

      INSERT INTO SCSISGES.TAFXCAMPANASPF(FIIDCAMPANA, FCNOMCAMPANA, FIPAIS, FICANAL, FISUCURSAL,
                                    FIFOLIO, FDMODIFICACION, FCUSRMODIFICO)
            VALUES(80, 'CLIENTES POR LIQUIDAR', 1, 1, 2024,
                   12348, SYSDATE, 'UNIT_TEST');

      INSERT INTO SCSISGES.TAFXCARTERAPF(FIPAIS, FICANAL, FISUCURSAL, FIFOLIO, FIIDPORTAFOLIO,
                                   FIIDSUCURSAL, FNUMEMPSOL, FCTIPOMOV, FIEMPDUENIO, FNSTATUSCTE,
                                   FIIDROL, FIIDPUESTO, FIIDEMPLEADO, FIIDPOSICION, FDMODIFICACION,
                                   FCUSRMODIFICO)
            VALUES(1, 1, 2024, 12348, 1, 
                   2024, 0, 'ASIGNA_CTE_NUEVO', 0, 1, 
                   345, 23, 164836, 1745908, SYSDATE, 
                   'UNIT_TEST');
      INSERT INTO SCSISGES.TAFXCAMPANASPF(FIIDCAMPANA, FCNOMCAMPANA, FIPAIS, FICANAL, FISUCURSAL,
                                    FIFOLIO, FDMODIFICACION, FCUSRMODIFICO)
            VALUES(80, 'CLIENTES POR LIQUIDAR', 1, 1, 2024,
                   12349, SYSDATE, 'UNIT_TEST');

      INSERT INTO SCSISGES.TAFXCARTERAPF(FIPAIS, FICANAL, FISUCURSAL, FIFOLIO, FIIDPORTAFOLIO,
                                   FIIDSUCURSAL, FNUMEMPSOL, FCTIPOMOV, FIEMPDUENIO, FNSTATUSCTE,
                                   FIIDROL, FIIDPUESTO, FIIDEMPLEADO, FIIDPOSICION, FDMODIFICACION,
                                   FCUSRMODIFICO)
            VALUES(1, 1, 2024, 12349, 1, 
                   2024, 0, 'ASIGNA_CTE_NUEVO', 0, 1, 
                   345, 23, 183912, 1745908, SYSDATE, 
                   'UNIT_TEST');
                   
      INSERT INTO SCSISGES.TAFXCAMPANASPF(FIIDCAMPANA, FCNOMCAMPANA, FIPAIS, FICANAL, FISUCURSAL,
                                    FIFOLIO, FDMODIFICACION, FCUSRMODIFICO)
            VALUES(78, 'REACTIVA TUS CLIENTES', 1, 1, 2024,
                   12350, SYSDATE, 'UNIT_TEST');

      INSERT INTO SCSISGES.TAFXCARTERAPF(FIPAIS, FICANAL, FISUCURSAL, FIFOLIO, FIIDPORTAFOLIO,
                                   FIIDSUCURSAL, FNUMEMPSOL, FCTIPOMOV, FIEMPDUENIO, FNSTATUSCTE,
                                   FIIDROL, FIIDPUESTO, FIIDEMPLEADO, FIIDPOSICION, FDMODIFICACION,
                                   FCUSRMODIFICO)
            VALUES(1, 1, 2024, 12350, 1, 
                   2024, 0, 'ASIGNA_CTE_NUEVO', 0, 1, 
                   345, 23, 296350, 1745908, SYSDATE, 
                   'UNIT_TEST');

      INSERT INTO SCSISGES.TAFXCAMPANASPF(FIIDCAMPANA, FCNOMCAMPANA, FIPAIS, FICANAL, FISUCURSAL,
                                    FIFOLIO, FDMODIFICACION, FCUSRMODIFICO)
            VALUES(78, 'REACTIVA TUS CLIENTES', 1, 1, 2024,
                   12351, SYSDATE, 'UNIT_TEST');


      INSERT INTO SCSISGES.TAFXCARTERAPF(FIPAIS, FICANAL, FISUCURSAL, FIFOLIO, FIIDPORTAFOLIO,
                                   FIIDSUCURSAL, FNUMEMPSOL, FCTIPOMOV, FIEMPDUENIO, FNSTATUSCTE,
                                   FIIDROL, FIIDPUESTO, FIIDEMPLEADO, FIIDPOSICION, FDMODIFICACION,
                                   FCUSRMODIFICO)
            VALUES(1, 1, 2024, 12351, 1, 
                   2024, 0, 'ASIGNA_CTE_NUEVO', 0, 1, 
                   345, 23, 37274, 1745908, SYSDATE, 
                   'UNIT_TEST');

      INSERT INTO SCSISGES.TAFXCAMPANASPF(FIIDCAMPANA, FCNOMCAMPANA, FIPAIS, FICANAL, FISUCURSAL,
                                    FIFOLIO, FDMODIFICACION, FCUSRMODIFICO)
            VALUES(78, 'REACTIVA TUS CLIENTES', 1, 1, 2024,
                   12352, SYSDATE, 'UNIT_TEST');

      INSERT INTO SCSISGES.TAFXCARTERAPF(FIPAIS, FICANAL, FISUCURSAL, FIFOLIO, FIIDPORTAFOLIO,
                                   FIIDSUCURSAL, FNUMEMPSOL, FCTIPOMOV, FIEMPDUENIO, FNSTATUSCTE,
                                   FIIDROL, FIIDPUESTO, FIIDEMPLEADO, FIIDPOSICION, FDMODIFICACION,
                                   FCUSRMODIFICO)
            VALUES(1, 1, 2024, 12352, 1, 
                   2024, 0, 'ASIGNA_CTE_NUEVO', 0, 1, 
                   345, 23, 43857, 1745908, SYSDATE, 
                   'UNIT_TEST');

      INSERT INTO SCSISGES.TAFXCAMPANASPF(FIIDCAMPANA, FCNOMCAMPANA, FIPAIS, FICANAL, FISUCURSAL,
                                    FIFOLIO, FDMODIFICACION, FCUSRMODIFICO)
            VALUES(78, 'REACTIVA TUS CLIENTES', 1, 1, 2024,
                   12353, SYSDATE, 'UNIT_TEST');

      INSERT INTO SCSISGES.TAFXCARTERAPF(FIPAIS, FICANAL, FISUCURSAL, FIFOLIO, FIIDPORTAFOLIO,
                                   FIIDSUCURSAL, FNUMEMPSOL, FCTIPOMOV, FIEMPDUENIO, FNSTATUSCTE,
                                   FIIDROL, FIIDPUESTO, FIIDEMPLEADO, FIIDPOSICION, FDMODIFICACION,
                                   FCUSRMODIFICO)
            VALUES(1, 1, 2024, 12353, 1, 
                   2024, 0, 'ASIGNA_CTE_NUEVO', 0, 1, 
                   345, 23, 164836, 1745908, SYSDATE, 
                   'UNIT_TEST');

      INSERT INTO SCSISGES.TAFXCAMPANASPF(FIIDCAMPANA, FCNOMCAMPANA, FIPAIS, FICANAL, FISUCURSAL,
                                    FIFOLIO, FDMODIFICACION, FCUSRMODIFICO)
            VALUES(78, 'REACTIVA TUS CLIENTES', 1, 1, 2024,
                   12354, SYSDATE, 'UNIT_TEST');

      INSERT INTO SCSISGES.TAFXCARTERAPF(FIPAIS, FICANAL, FISUCURSAL, FIFOLIO, FIIDPORTAFOLIO,
                                   FIIDSUCURSAL, FNUMEMPSOL, FCTIPOMOV, FIEMPDUENIO, FNSTATUSCTE,
                                   FIIDROL, FIIDPUESTO, FIIDEMPLEADO, FIIDPOSICION, FDMODIFICACION,
                                   FCUSRMODIFICO)
            VALUES(1, 1, 2024, 12354, 1, 
                   2024, 0, 'ASIGNA_CTE_NUEVO', 0, 1, 
                   345, 23, 183912, 1745908, SYSDATE, 
                   'UNIT_TEST');
     
     /* SOLICITUDES */
     
     SELECT MAX(FISOLICITUDID) INTO vl_maxsolicitud FROM  SCVENTASTIENDA.TASOLICITUDES;
     IF vl_maxsolicitud IS NULL THEN
       vl_maxsolicitud := 0;
     END IF;
     
     INSERT INTO SCVENTASTIENDA.TACREDSOLICITUD(FIPAIS, FICANAL, FISUCURSAL, FISOLICITUDID, FIIDNEGOCIO,
                                           FIIDTIENDA, FIIDCLIENTE, FITIPOSOLICITUD, FIFOLIOPARAM, FCINFORMANTE,
                                           FISTAT, FISUBSTAT, FDFECSTAT, FIRECHAZOID, FCEJECUTIVO, 
                                           FITRANNO, FIACEPTAPP, FITIPOAUTORIZACION, FNCAPACIDADPAGO, FIPLAZO, 
                                           FCUSRMODIFICO)
            VALUES(1, 1, 2024, vl_maxsolicitud + 1, 1, 
                   2024, 86665, 8, 0, 'CLIENTE', 
                   9, 3, SYSDATE, 0, 999999, 
                   35876188, 0, 1, 1000, 100, 
                   'UNIT_TEST');

     INSERT INTO SCVENTASTIENDA.TASOLICITUDES(FIPAIS, FICANAL, FISUCURSAL, FISOLICITUDID, FIIDNEGOCIO,
                                         FIIDTIENDA, FIIDCLIENTE, FITIPOSOLICITUD, FIFOLIOPARAM, FCEMPNO, 
                                         FISUBSTAT, FISOLCOMPLETA, FIINE, FICOMPDOMICILIO, FICOMPINGRESOS, 
                                         FIFIRMACONTRATO, FIVISITAJVC, FIAUTORIZADA, FILCRSINTAZ, FILCRCONTAZ,
                                         FILIBERADA, FNMONTO, FCOBSERVACIONES, FCUSRMODIFICO)
            VALUES(1, 1, 2024, vl_maxsolicitud + 1, 1, 
                   2024, 86665, 8, 0, 296350, 
                   0, 1, 1, 1, 1, 
                   1, 1, 0, 0, 0, 
                   0, 16926, 'Vecina no quiso dar informes', 'UNIT_TEST');


     INSERT INTO SCVENTASTIENDA.TACREDSOLICITUD(FIPAIS, FICANAL, FISUCURSAL, FISOLICITUDID, FIIDNEGOCIO,
                                           FIIDTIENDA, FIIDCLIENTE, FITIPOSOLICITUD, FIFOLIOPARAM, FCINFORMANTE,
                                           FISTAT, FISUBSTAT, FDFECSTAT, FIRECHAZOID, FCEJECUTIVO, 
                                           FITRANNO, FIACEPTAPP, FITIPOAUTORIZACION, FNCAPACIDADPAGO, FIPLAZO, 
                                           FCUSRMODIFICO)
            VALUES(1, 1, 2024, vl_maxsolicitud + 2, 1, 
                   2024, 86665, 8, 0, 'CLIENTE', 
                   17, 3, SYSDATE, 0, 999999, 
                   35876188, 0, 1, 1000, 100, 
                   'UNIT_TEST');

     INSERT INTO SCVENTASTIENDA.TASOLICITUDES(FIPAIS, FICANAL, FISUCURSAL, FISOLICITUDID, FIIDNEGOCIO,
                                         FIIDTIENDA, FIIDCLIENTE, FITIPOSOLICITUD, FIFOLIOPARAM, FCEMPNO, 
                                         FISUBSTAT, FISOLCOMPLETA, FIINE, FICOMPDOMICILIO, FICOMPINGRESOS, 
                                         FIFIRMACONTRATO, FIVISITAJVC, FIAUTORIZADA, FILCRSINTAZ, FILCRCONTAZ,
                                         FILIBERADA, FNMONTO, FCOBSERVACIONES, FCUSRMODIFICO)
            VALUES(1, 1, 2024, vl_maxsolicitud + 2, 1, 
                   2024, 86019, 8, 0, 37274, 
                   0, 1, 1, 1, 1, 
                   1, 1, 0, 0, 0, 
                   0, 16926, 'Vecina no quiso dar informes', 'UNIT_TEST');

     INSERT INTO SCVENTASTIENDA.TACREDSOLICITUD(FIPAIS, FICANAL, FISUCURSAL, FISOLICITUDID, FIIDNEGOCIO,
                                           FIIDTIENDA, FIIDCLIENTE, FITIPOSOLICITUD, FIFOLIOPARAM, FCINFORMANTE,
                                           FISTAT, FISUBSTAT, FDFECSTAT, FIRECHAZOID, FCEJECUTIVO, 
                                           FITRANNO, FIACEPTAPP, FITIPOAUTORIZACION, FNCAPACIDADPAGO, FIPLAZO, 
                                           FCUSRMODIFICO)
            VALUES(1, 1, 2024, vl_maxsolicitud + 3, 1, 
                   2024, 86665, 8, 0, 'CLIENTE', 
                   6, 3, SYSDATE, 0, 999999, 
                   35876188, 0, 1, 1000, 100, 
                   'UNIT_TEST');

     INSERT INTO SCVENTASTIENDA.TASOLICITUDES(FIPAIS, FICANAL, FISUCURSAL, FISOLICITUDID, FIIDNEGOCIO,
                                         FIIDTIENDA, FIIDCLIENTE, FITIPOSOLICITUD, FIFOLIOPARAM, FCEMPNO, 
                                         FISUBSTAT, FISOLCOMPLETA, FIINE, FICOMPDOMICILIO, FICOMPINGRESOS, 
                                         FIFIRMACONTRATO, FIVISITAJVC, FIAUTORIZADA, FILCRSINTAZ, FILCRCONTAZ,
                                         FILIBERADA, FNMONTO, FCOBSERVACIONES, FCUSRMODIFICO)
            VALUES(1, 1, 2024, vl_maxsolicitud + 3, 1, 
                   2024, 86002, 8, 0, 43857, 
                   0, 1, 1, 1, 1, 
                   1, 1, 0, 0, 0, 
                   0, 16926, 'Vecina no quiso dar informes', 'UNIT_TEST');

     INSERT INTO SCVENTASTIENDA.TACREDSOLICITUD(FIPAIS, FICANAL, FISUCURSAL, FISOLICITUDID, FIIDNEGOCIO,
                                           FIIDTIENDA, FIIDCLIENTE, FITIPOSOLICITUD, FIFOLIOPARAM, FCINFORMANTE,
                                           FISTAT, FISUBSTAT, FDFECSTAT, FIRECHAZOID, FCEJECUTIVO, 
                                           FITRANNO, FIACEPTAPP, FITIPOAUTORIZACION, FNCAPACIDADPAGO, FIPLAZO, 
                                           FCUSRMODIFICO)
            VALUES(1, 1, 2024, vl_maxsolicitud + 4, 1, 
                   2024, 86665, 8, 0, 'CLIENTE', 
                   248, 3, SYSDATE, 0, 999999, 
                   35876188, 0, 1, 1000, 100, 
                   'UNIT_TEST');

     INSERT INTO SCVENTASTIENDA.TASOLICITUDES(FIPAIS, FICANAL, FISUCURSAL, FISOLICITUDID, FIIDNEGOCIO,
                                         FIIDTIENDA, FIIDCLIENTE, FITIPOSOLICITUD, FIFOLIOPARAM, FCEMPNO, 
                                         FISUBSTAT, FISOLCOMPLETA, FIINE, FICOMPDOMICILIO, FICOMPINGRESOS, 
                                         FIFIRMACONTRATO, FIVISITAJVC, FIAUTORIZADA, FILCRSINTAZ, FILCRCONTAZ,
                                         FILIBERADA, FNMONTO, FCOBSERVACIONES, FCUSRMODIFICO)
            VALUES(1, 1, 2024, vl_maxsolicitud + 4, 1, 
                   2024, 86844, 8, 0, 164836, 
                   0, 1, 1, 1, 1, 
                   1, 1, 0, 0, 0, 
                   0, 16926, 'Vecina no quiso dar informes', 'UNIT_TEST');

     INSERT INTO SCVENTASTIENDA.TACREDSOLICITUD(FIPAIS, FICANAL, FISUCURSAL, FISOLICITUDID, FIIDNEGOCIO,
                                           FIIDTIENDA, FIIDCLIENTE, FITIPOSOLICITUD, FIFOLIOPARAM, FCINFORMANTE,
                                           FISTAT, FISUBSTAT, FDFECSTAT, FIRECHAZOID, FCEJECUTIVO, 
                                           FITRANNO, FIACEPTAPP, FITIPOAUTORIZACION, FNCAPACIDADPAGO, FIPLAZO, 
                                           FCUSRMODIFICO)
            VALUES(1, 1, 2024, vl_maxsolicitud + 5, 1, 
                   2024, 86665, 8, 0, 'CLIENTE', 
                   254, 3, SYSDATE, 0, 999999, 
                   35876188, 0, 1, 1000, 100, 
                   'UNIT_TEST');

     INSERT INTO SCVENTASTIENDA.TASOLICITUDES(FIPAIS, FICANAL, FISUCURSAL, FISOLICITUDID, FIIDNEGOCIO,
                                         FIIDTIENDA, FIIDCLIENTE, FITIPOSOLICITUD, FIFOLIOPARAM, FCEMPNO, 
                                         FISUBSTAT, FISOLCOMPLETA, FIINE, FICOMPDOMICILIO, FICOMPINGRESOS, 
                                         FIFIRMACONTRATO, FIVISITAJVC, FIAUTORIZADA, FILCRSINTAZ, FILCRCONTAZ,
                                         FILIBERADA, FNMONTO, FCOBSERVACIONES, FCUSRMODIFICO)
            VALUES(1, 1, 2024, vl_maxsolicitud + 5, 1, 
                   2024, 96380, 8, 0, 183912, 
                   0, 1, 1, 1, 1, 
                   1, 1, 0, 0, 0, 
                   0, 16926, 'Vecina no quiso dar informes', 'UNIT_TEST');
     
     /*PRESUPUESTOS*/
     
     SELECT MAX(FIFOLIOPARAM) INTO vl_maxpreparame FROM  SCVENTASTIENDA.TAPREPARAME;
     IF vl_maxpreparame IS NULL THEN
       vl_maxpreparame := 0;
     END IF;
     
     INSERT INTO SCVENTASTIENDA.TAPREPARAME
			 (FIPAIS, FICANAL, FISUCURSAL,FIFOLIOPARAM, FINGCIOID, 
	          FINOTIENDA, FICTEID, FIDIGITOVER, FITIPOVENTA, FCEMPNO,
	          FIPLAZO, FIPERIODO, FNPABO, FNUABO, FDFECPREP, 
	          FIAUTORIZA, FITRANNO, FINOPEDIDO, FDCREACION, FDMODIFICO, 
	          FCUSRMODIFICO)
      VALUES (1, 1, 2024, vl_maxpreparame + 1, 1, 
              2024, 456789, 8, 2, 296350, 
              4, 1, 3910, 3911, SYSDATE, 
              0, 38804755, 0, SYSDATE, SYSDATE, 
              'UNIT_TEST');

     INSERT INTO SCVENTASTIENDA.TADETPREPARAM
             (FIPAIS, FICANAL, FISUCURSAL, FIFOLIOPARAM, FIPRODID, 
              FNPRODPRECIOD, FICANT, FNDESCTO, FNDESCTOESP, FNSOBREPRECIO, 
              FNPORCIVA, FNDESCTOMKT, FNCOSTOPDCTO,  FISTATDP, FNINTERESES,
              FNENGANCHE, FICVEPROM, FNCOMISIONV, FNCOMISIONG, FDCREACION,
              FDMODIFICO, FCUSRMODIFICO
             )
       VALUES(1, 1, 2024, vl_maxpreparame + 1, 847879, 
              15200, 1, 0, 0, 23000, 
              0, 0, 1, 1, 0, 
              0, 34001, 0, 0, SYSDATE, 
              SYSDATE, 'UNIT_TEST');

     INSERT INTO SCVENTASTIENDA.TAPREPARAME
			 (FIPAIS, FICANAL, FISUCURSAL,FIFOLIOPARAM, FINGCIOID, 
	          FINOTIENDA, FICTEID, FIDIGITOVER, FITIPOVENTA, FCEMPNO,
	          FIPLAZO, FIPERIODO, FNPABO, FNUABO, FDFECPREP, 
	          FIAUTORIZA, FITRANNO, FINOPEDIDO, FDCREACION, FDMODIFICO, 
	          FCUSRMODIFICO)
      VALUES (1, 1, 2024, vl_maxpreparame + 2, 1, 
              2024, 456789, 8, 2, 37274, 
              4, 1, 3910, 3911, SYSDATE, 
              0, 38804755, 0, SYSDATE, SYSDATE, 
              'UNIT_TEST');

     INSERT INTO SCVENTASTIENDA.TADETPREPARAM
             (FIPAIS, FICANAL, FISUCURSAL, FIFOLIOPARAM, FIPRODID, 
              FNPRODPRECIOD, FICANT, FNDESCTO, FNDESCTOESP, FNSOBREPRECIO, 
              FNPORCIVA, FNDESCTOMKT, FNCOSTOPDCTO,  FISTATDP, FNINTERESES,
              FNENGANCHE, FICVEPROM, FNCOMISIONV, FNCOMISIONG, FDCREACION,
              FDMODIFICO, FCUSRMODIFICO
             )
       VALUES(1, 1, 2024, vl_maxpreparame + 2, 847879, 
              15200, 1, 0, 0, 23000, 
              0, 0, 1, 1, 0, 
              0, 34001, 0, 0, SYSDATE, 
              SYSDATE, 'UNIT_TEST');          
              
     INSERT INTO SCVENTASTIENDA.TAPREPARAME
			 (FIPAIS, FICANAL, FISUCURSAL,FIFOLIOPARAM, FINGCIOID, 
	          FINOTIENDA, FICTEID, FIDIGITOVER, FITIPOVENTA, FCEMPNO,
	          FIPLAZO, FIPERIODO, FNPABO, FNUABO, FDFECPREP, 
	          FIAUTORIZA, FITRANNO, FINOPEDIDO, FDCREACION, FDMODIFICO, 
	          FCUSRMODIFICO)
      VALUES (1, 1, 2024, vl_maxpreparame + 3, 1, 
              2024, 456789, 8, 2, 43857, 
              4, 1, 3910, 3911, SYSDATE, 
              0, 38804755, 0, SYSDATE, SYSDATE, 
              'UNIT_TEST');

     INSERT INTO SCVENTASTIENDA.TADETPREPARAM
             (FIPAIS, FICANAL, FISUCURSAL, FIFOLIOPARAM, FIPRODID, 
              FNPRODPRECIOD, FICANT, FNDESCTO, FNDESCTOESP, FNSOBREPRECIO, 
              FNPORCIVA, FNDESCTOMKT, FNCOSTOPDCTO,  FISTATDP, FNINTERESES,
              FNENGANCHE, FICVEPROM, FNCOMISIONV, FNCOMISIONG, FDCREACION,
              FDMODIFICO, FCUSRMODIFICO
             )
       VALUES(1, 1, 2024, vl_maxpreparame + 3, 847879, 
              15200, 1, 0, 0, 23000, 
              0, 0, 1, 1, 0, 
              0, 34001, 0, 0, SYSDATE, 
              SYSDATE, 'UNIT_TEST');               


     INSERT INTO SCVENTASTIENDA.TAPREPARAME
			 (FIPAIS, FICANAL, FISUCURSAL,FIFOLIOPARAM, FINGCIOID, 
	          FINOTIENDA, FICTEID, FIDIGITOVER, FITIPOVENTA, FCEMPNO,
	          FIPLAZO, FIPERIODO, FNPABO, FNUABO, FDFECPREP, 
	          FIAUTORIZA, FITRANNO, FINOPEDIDO, FDCREACION, FDMODIFICO, 
	          FCUSRMODIFICO)
      VALUES (1, 1, 2024, vl_maxpreparame + 4, 1, 
              2024, 456789, 8, 2, 164836, 
              4, 1, 3910, 3911, SYSDATE, 
              0, 38804755, 0, SYSDATE, SYSDATE, 
              'UNIT_TEST');

     INSERT INTO SCVENTASTIENDA.TADETPREPARAM
             (FIPAIS, FICANAL, FISUCURSAL, FIFOLIOPARAM, FIPRODID, 
              FNPRODPRECIOD, FICANT, FNDESCTO, FNDESCTOESP, FNSOBREPRECIO, 
              FNPORCIVA, FNDESCTOMKT, FNCOSTOPDCTO,  FISTATDP, FNINTERESES,
              FNENGANCHE, FICVEPROM, FNCOMISIONV, FNCOMISIONG, FDCREACION,
              FDMODIFICO, FCUSRMODIFICO
             )
       VALUES(1, 1, 2024, vl_maxpreparame + 4, 847879, 
              15200, 1, 0, 0, 23000, 
              0, 0, 1, 1, 0, 
              0, 34001, 0, 0, SYSDATE, 
              SYSDATE, 'UNIT_TEST');          
              
     INSERT INTO SCVENTASTIENDA.TAPREPARAME
			 (FIPAIS, FICANAL, FISUCURSAL,FIFOLIOPARAM, FINGCIOID, 
	          FINOTIENDA, FICTEID, FIDIGITOVER, FITIPOVENTA, FCEMPNO,
	          FIPLAZO, FIPERIODO, FNPABO, FNUABO, FDFECPREP, 
	          FIAUTORIZA, FITRANNO, FINOPEDIDO, FDCREACION, FDMODIFICO, 
	          FCUSRMODIFICO)
      VALUES (1, 1, 2024, vl_maxpreparame + 5, 1, 
              2024, 456789, 8, 2, 183912, 
              4, 1, 3910, 3911, SYSDATE, 
              0, 38804755, 0, SYSDATE, SYSDATE, 
              'UNIT_TEST');

     INSERT INTO SCVENTASTIENDA.TADETPREPARAM
             (FIPAIS, FICANAL, FISUCURSAL, FIFOLIOPARAM, FIPRODID, 
              FNPRODPRECIOD, FICANT, FNDESCTO, FNDESCTOESP, FNSOBREPRECIO, 
              FNPORCIVA, FNDESCTOMKT, FNCOSTOPDCTO,  FISTATDP, FNINTERESES,
              FNENGANCHE, FICVEPROM, FNCOMISIONV, FNCOMISIONG, FDCREACION,
              FDMODIFICO, FCUSRMODIFICO
             )
       VALUES(1, 1, 2024, vl_maxpreparame + 5, 847879, 
              15200, 1, 0, 0, 23000, 
              0, 0, 1, 1, 0, 
              0, 34001, 0, 0, SYSDATE, 
              SYSDATE, 'UNIT_TEST');                          
     
     COMMIT;
   END;
   
   --
   -- test spnumgestionesxniv case 1: ...
   --
   PROCEDURE spnumgestionesxniv IS
      l_actual   INTEGER := 0;
      l_expected INTEGER := 1;
      PA_CURDATOS  SYS_REFCURSOR;
      vl_1  NUMBER;
      vl_2  VARCHAR2(255);
      vl_3  INTEGER;
      vl_4  INTEGER;
      vl_5  INTEGER;
      vl_6  INTEGER;
      vl_7  INTEGER;
      vl_8  INTEGER;
      vl_9  INTEGER;
      vl_10 INTEGER;
      vl_11 INTEGER;
      vl_12 INTEGER;
      vl_13 INTEGER;
      vl_14 INTEGER;
      vl_15 INTEGER;
      vl_16 INTEGER;
      vl_17 INTEGER;
      vl_18 INTEGER;
      vl_19 INTEGER;
   BEGIN
      -- populate actual
      -- pafxgestiondia.spnumgestionesxniv;

      -- populate expected
      -- ...
      
      -- assert
      
      deleteDatos();
      insertDatos();
      
      PA_CURDATOS := SCSISGES.PAFXGESTIONDIA.FNGETGESTIONSUC(2024);
      LOOP
        FETCH PA_CURDATOS INTO vl_1, vl_2, vl_3, vl_4, vl_5, vl_6, vl_7, vl_8, vl_9, vl_10, vl_11, vl_12, vl_13, vl_14, vl_15, vl_16, vl_17, vl_18, vl_19;
          EXIT WHEN PA_CURDATOS%NOTFOUND;
          --dbms_output.put_line(vl_1||'-'||vl_2||'->');
          --dbms_output.put_line(vl_3||'-'||vl_4||'-'||vl_5||'-'||vl_6||'-'||vl_7||'-'||vl_8||'-'||vl_9||'-'||vl_10||'-'||vl_11||'-'||vl_12||'-'||vl_13||'-'||vl_14||'-'||vl_15||'-'||vl_16||'-'||vl_17||'-'||vl_18||'-'||vl_19);
      END LOOP;
      
      ut.expect(vl_3).to_(equal(1));
      ut.expect(vl_4).to_(equal(5));
      ut.expect(vl_5).to_(equal(1));
      ut.expect(vl_6).to_(equal(5));
      ut.expect(vl_7).to_(equal(1));
      ut.expect(vl_8).to_(equal(5));
      ut.expect(vl_9).to_(equal(1));
      ut.expect(vl_10).to_(equal(10));
      ut.expect(vl_11).to_(equal(0));
      ut.expect(vl_12).to_(equal(0));
      ut.expect(vl_13).to_(equal(1));
      ut.expect(vl_14).to_(equal(5));
      ut.expect(vl_15).to_(equal(2));
      ut.expect(vl_16).to_(equal(2));
      ut.expect(vl_17).to_(equal(1));
      ut.expect(vl_18).to_(equal(5));
      ut.expect(vl_19).to_(equal(5));
   END spnumgestionesxniv;

END test_pafxgestiondia;

/
